"Source","Date","Acc√®s"
"Mobile App Analytics Trends in 2024 (Devtodev)","27/12/23","10/11/25"
"App trends and c-level predictions for 2024 (AppsFlyer)","08/07/25","10/11/25"
"TAM, SAM, SOM Simplified (NewtonCo)","09/12/24","10/11/25"
"State of Subscription Apps 2024 (RevenueCat)","31/03/24","10/11/25"
"RevenueCat Competitors (ChampSignal)","02/10/25","10/11/25"
"Adapty Competitors & Alternatives (Metacto)","30/06/25","10/11/25"
"Alternatives & reviews RevenueCat (GetApp)","23/01/25","10/11/25"
"Subscription pricing report (OutrankApps)","21/10/24","10/11/25"
"Mobile App Monetization Strategies (Aalpha)","04/06/25","10/11/25"
"Mixpanel pricing","16/12/24","10/11/25"
"CPI benchmark (Mistplay/Business of Apps)","21/06/23","10/11/25"
"Mobile app conversion (UXCam)","29/12/24","10/11/25"
"App Store & Play Store commissions (NetDevices)","18/06/25","10/11/25"
"Indie SaaS insights (Fungies)","13/10/25","10/11/25"
"Benchmarks pricing (Adapty)","24/08/25","10/11/25"