"Titre & Domaine","Date Publi.","Date Accès","Notes"
"Google Maps Statistics 2025: Navigation, Business","30-09-2025","10-11-2025","Market share 67%, 40M listings, ad revenue $8.7B"
"Field Sales Software Market Size, Share, Growth & Forecast (VerifiedMarket)","18-11-2024","10-11-2025","TAM $2.8B (2023) → $7.1B (2031), CAGR 10.7%"
"Location-Based App Development Service Market (WiseGuyReports)","24-10-2025","10-11-2025","$4.96B (2024) → $15B (2035), CAGR 10.6%"
"Map App Market Analysis (WiseGuyReports)","22-08-2025","10-11-2025","$29.6B (2024) → $52B (2035), CAGR 5.2%"
"Location-Based Services Market Size (Fortune Business Insights)","31-10-2024","10-11-2025","$31.17B (2024) → $125.92B (2032), CAGR 19%"
"7 Best Mobile CRM Apps 2025 (Salesflare Blog)","12-08-2025","10-11-2025","Ranking top 7 CRM mobiles, SPOTIO top-rated"
"Best Location Analytics Tools for Sales (SPOTIO)","22-09-2025","10-11-2025","Location analytics use cases, CRM integrations"
"Sales Territory Mapping Made Easy (Knockio)","03-09-2025","10-11-2025","Territory mgmt features, no pricing public"
"SalesRabbit Pricing (Official)","01-10-2025","10-11-2025","Pricing $39–$49/user + add-ons"
"SPOTIO Pricing Plans (Official)","14-10-2025","10-11-2025","Pricing $39–$79/user, engagement bundle"
"Badger Maps Pricing (SoftwareFinder)","31-12-2024","10-11-2025","Pricing $58–$109/user, CRM extra"
"Badger Maps Review (eLogii)","09-12-2024","10-11-2025","CRM integration $2,940+, steep learning curve noted"
"Salesforce Maps Alternatives (Ascendix)","N/A","10-11-2025","Geopointe $70/user, Salesforce Maps $75–$125"
"Geopointe Pricing (Official)","06-04-2025","10-11-2025","$75/user/mo, 10 assignment areas included"
"Sales Territory Mapping Software 2025 (Maptitude)","05-10-2025","10-11-2025","Maptitude features, eSpatial, Maptive comparison"
"Google Maps Platform Free Usage Limits (9to5Google)","08-12-2024","10-11-2025","$200 free/mo → $3,250/mo from March 2025"
"Global Door-to-Door Sales Statistics (Knockio)","12-08-2025","10-11-2025","$200.14B (2024) → $269B (2029), CAGR 6.6%"
"Cost Per Acquisition in Mobile Apps 2025 (DoJo)","01-11-2024","10-11-2025","CPI range $5–$6 (social), ASO organic $0–$1"
"Apple Ads Cost Benchmarks 2025 (AppTweak)","16-10-2025","10-11-2025","CPI median $1.80, Business category $5.80"
"CPI/CAC Benchmarks (AppsFlyer 2025)","28-01-2025","10-11-2025","Web-to-app +77% YoY, paid remarketing +22%"
"GDPR & Geolocation Compliance (Hexnode)","17-02-2025","10-11-2025","GDPR location data consent, fines up to 4% revenue"
"Google Places API Pricing (SafeGraph)","05-07-2022","10-11-2025","Pay-as-you-go model, autocomplete costs variable"